{"cameraMode":{"drawMode":0,"name":"Shaded","section":"Shading Mode"},"sceneLighting":false,"audioPlay":false,"sceneViewState":{"m_AlwaysRefresh":false,"showFog":false,"showSkybox":false,"showFlares":false,"showImageEffects":false,"showParticleSystems":false,"showVisualEffectGraphs":true,"m_FxEnabled":true},"in2DMode":false,"pivot":{"x":0.14806103706359864,"y":1.296440601348877,"z":0.22254419326782227},"rotation":{"x":0.20897160470485688,"y":0.6571218967437744,"z":-0.19703327119350434,"w":0.6969472169876099},"size":2.5234689712524416,"orthographic":false}