{"cameraMode":{"drawMode":0,"name":"Shaded","section":"Shading Mode"},"sceneLighting":false,"audioPlay":false,"sceneViewState":{"m_AlwaysRefresh":false,"showFog":true,"showSkybox":false,"showFlares":true,"showImageEffects":true,"showParticleSystems":true,"showVisualEffectGraphs":true,"m_FxEnabled":true},"in2DMode":false,"pivot":{"x":1.0230026245117188,"y":0.44916605949401858,"z":-0.29931682348251345},"rotation":{"x":0.12108828127384186,"y":0.6899394989013672,"z":-0.11871445178985596,"w":0.7037349939346314},"size":4.043316841125488,"orthographic":false}