{"cameraMode":{"drawMode":0,"name":"Shaded","section":"Shading Mode"},"sceneLighting":false,"audioPlay":false,"sceneViewState":{"m_AlwaysRefresh":false,"showFog":true,"showSkybox":false,"showFlares":true,"showImageEffects":true,"showParticleSystems":true,"showVisualEffectGraphs":true,"m_FxEnabled":true},"in2DMode":false,"pivot":{"x":-0.17855232954025269,"y":-0.8938140869140625,"z":1.3600726127624512},"rotation":{"x":0.2639234960079193,"y":0.03904712200164795,"z":-0.010692188516259194,"w":0.9637006521224976},"size":4.950000286102295,"orthographic":false}