{"cameraMode":{"drawMode":0,"name":"Shaded","section":"Shading Mode"},"sceneLighting":false,"audioPlay":false,"sceneViewState":{"m_AlwaysRefresh":false,"showFog":true,"showSkybox":false,"showFlares":true,"showImageEffects":true,"showParticleSystems":true,"showVisualEffectGraphs":true,"m_FxEnabled":true},"in2DMode":false,"pivot":{"x":7.66910982131958,"y":0.2111518383026123,"z":-5.5840277671813969},"rotation":{"x":0.39677345752716067,"y":0.29165080189704897,"z":-0.13457536697387696,"w":0.8598963618278503},"size":0.38920289278030398,"orthographic":false}