{"cameraMode":{"drawMode":0,"name":"Shaded","section":"Shading Mode"},"sceneLighting":false,"audioPlay":false,"sceneViewState":{"m_AlwaysRefresh":false,"showFog":true,"showSkybox":false,"showFlares":true,"showImageEffects":true,"showParticleSystems":true,"showVisualEffectGraphs":true,"m_FxEnabled":true},"in2DMode":false,"pivot":{"x":1.0723817348480225,"y":0.7150177955627441,"z":2.9083876609802248},"rotation":{"x":0.24381083250045777,"y":0.011633047834038735,"z":-0.002924603410065174,"w":0.9697549939155579},"size":4.646795749664307,"orthographic":false}