{"cameraMode":{"drawMode":0,"name":"Shaded","section":"Shading Mode"},"sceneLighting":false,"audioPlay":false,"sceneViewState":{"m_AlwaysRefresh":false,"showFog":true,"showSkybox":false,"showFlares":true,"showImageEffects":true,"showParticleSystems":true,"showVisualEffectGraphs":true,"m_FxEnabled":true},"in2DMode":false,"pivot":{"x":0.37272006273269656,"y":0.44551044702529909,"z":1.9993534088134766},"rotation":{"x":-0.06260151416063309,"y":0.03890841454267502,"z":0.002444922225549817,"w":0.9972920417785645},"size":1.5211870670318604,"orthographic":false}