{"cameraMode":{"drawMode":0,"name":"Shaded","section":"Shading Mode"},"sceneLighting":false,"audioPlay":false,"sceneViewState":{"m_AlwaysRefresh":false,"showFog":true,"showSkybox":false,"showFlares":true,"showImageEffects":true,"showParticleSystems":true,"showVisualEffectGraphs":true,"m_FxEnabled":true},"in2DMode":false,"pivot":{"x":0.6807957887649536,"y":1.7742629051208497,"z":-1.2566306591033936},"rotation":{"x":0.09086321294307709,"y":0.8877962827682495,"z":-0.4048120975494385,"w":0.19927619397640229},"size":2.196154832839966,"orthographic":false}