{"cameraMode":{"drawMode":0,"name":"Shaded","section":"Shading Mode"},"sceneLighting":false,"audioPlay":false,"sceneViewState":{"m_AlwaysRefresh":false,"showFog":true,"showSkybox":false,"showFlares":true,"showImageEffects":true,"showParticleSystems":true,"showVisualEffectGraphs":true,"m_FxEnabled":true},"in2DMode":false,"pivot":{"x":7.65098762512207,"y":0.278270959854126,"z":-5.525058269500732},"rotation":{"x":0.36230704188346865,"y":-0.018179556354880334,"z":0.007064950652420521,"w":0.9318684339523315},"size":0.6595141887664795,"orthographic":false}