{"cameraMode":{"drawMode":0,"name":"Shaded","section":"Shading Mode"},"sceneLighting":false,"audioPlay":false,"sceneViewState":{"m_AlwaysRefresh":false,"showFog":true,"showSkybox":false,"showFlares":true,"showImageEffects":true,"showParticleSystems":true,"showVisualEffectGraphs":true,"m_FxEnabled":true},"in2DMode":false,"pivot":{"x":2.347149133682251,"y":0.8371968269348145,"z":3.5868144035339357},"rotation":{"x":0.12890884280204774,"y":0.025279873982071878,"z":-0.0032870876602828504,"w":0.9913362264633179},"size":4.94679594039917,"orthographic":false}