{"cameraMode":{"drawMode":0,"name":"Shaded","section":"Shading Mode"},"sceneLighting":false,"audioPlay":false,"sceneViewState":{"m_AlwaysRefresh":false,"showFog":true,"showSkybox":false,"showFlares":true,"showImageEffects":true,"showParticleSystems":true,"showVisualEffectGraphs":true,"m_FxEnabled":true},"in2DMode":false,"pivot":{"x":0.0006445348262786865,"y":0.4683515429496765,"z":-0.025899142026901246},"rotation":{"x":0.37685346603393557,"y":-0.16809287667274476,"z":0.06974436342716217,"w":0.9082318544387817},"size":2.429056167602539,"orthographic":false}